School_ID,School_Name,District,Student_Strength,Current_Teacher_Count,Required_Teacher_Count,Student_Teacher_Ratio,Subject_Wise_Vacancy
SCH0001,Govt. Senior Secondary School West-1,West Delhi,1226,38,40,32.26,"{'Hindi': 0, 'Sanskrit': 2, 'English': 2, 'Science': 3}"
SCH0002,Govt. Senior Secondary School Kota-2,Kota,1824,59,60,30.92,"{'Chemistry': 2, 'Mathematics': 1, 'Art': 2, 'Science': 2, 'Hindi': 2, 'Geography': 2}"
SCH0003,Govt. Senior Secondary School Udaipur-3,Udaipur,187,5,6,37.4,"{'Hindi': 3, 'Physical Education': 3, 'Computer Science': 3, 'History': 2, 'Chemistry': 1, 'Sanskrit': 0}"
SCH0004,Govt. Middle School Jaipur-4,Jaipur,869,30,28,28.97,"{'Art': 3, 'Sanskrit': 1}"
SCH0005,Govt. Primary School New-5,New Delhi,905,26,30,34.81,"{'Social Science': 3, 'English': 3, 'Hindi': 0, 'Physics': 0}"
SCH0006,Govt. Senior Secondary School West-6,West Delhi,559,22,18,25.41,"{'Science': 1, 'Physics': 0, 'Art': 3, 'Geography': 0, 'Social Science': 0}"
SCH0007,Govt. Primary School South-7,South Delhi,574,24,19,23.92,"{'Science': 2, 'Chemistry': 1, 'Sanskrit': 3, 'History': 3, 'Social Science': 3, 'Physics': 3}"
SCH0008,Govt. High School Ajmer-8,Ajmer,1906,60,63,31.77,"{'Mathematics': 3, 'Computer Science': 2}"
SCH0009,Govt. Middle School Gurgaon-9,Gurgaon,1367,48,45,28.48,"{'Sanskrit': 2, 'Hindi': 0}"
SCH0010,Govt. Primary School West-10,West Delhi,1942,65,64,29.88,"{'Biology': 0, 'Computer Science': 0, 'Physics': 2, 'English': 1}"
SCH0011,Govt. Middle School Lucknow-11,Lucknow,487,19,16,25.63,"{'Computer Science': 3, 'Social Science': 1, 'Physical Education': 1}"
SCH0012,Govt. High School East-12,East Delhi,876,33,29,26.55,"{'Physical Education': 0, 'Hindi': 1, 'English': 3, 'Biology': 3, 'Chemistry': 2, 'Social Science': 3}"
SCH0013,Govt. High School Kota-13,Kota,1578,58,52,27.21,"{'Sanskrit': 0, 'Art': 3, 'Mathematics': 2, 'Hindi': 2}"
SCH0014,Govt. Middle School South-14,South Delhi,305,5,10,61.0,"{'Social Science': 3, 'Science': 1, 'Hindi': 3, 'Geography': 3, 'Physics': 1}"
SCH0015,Govt. Primary School Noida-15,Noida,1121,37,37,30.3,"{'Computer Science': 1, 'Biology': 1, 'English': 3, 'Social Science': 1, 'Physical Education': 0}"
SCH0016,Govt. Middle School Gurgaon-16,Gurgaon,802,22,26,36.45,"{'Chemistry': 1, 'Geography': 3, 'Sanskrit': 1, 'Physics': 1, 'Hindi': 1, 'English': 3}"
SCH0017,Govt. Primary School Udaipur-17,Udaipur,369,14,12,26.36,"{'Art': 1, 'Mathematics': 2}"
SCH0018,Govt. High School West-18,West Delhi,1375,48,45,28.65,"{'Art': 1, 'Computer Science': 3, 'Chemistry': 0}"
SCH0019,Govt. Senior Secondary School Bikaner-19,Bikaner,819,34,27,24.09,"{'Chemistry': 1, 'Geography': 2, 'Biology': 0, 'History': 3, 'Social Science': 1}"
SCH0020,Govt. Senior Secondary School Kota-20,Kota,316,16,10,19.75,"{'Computer Science': 3, 'History': 3}"
SCH0021,Govt. Middle School Faridabad-21,Faridabad,592,22,19,26.91,"{'Social Science': 0, 'Chemistry': 2}"
SCH0022,Govt. Primary School New-22,New Delhi,1936,59,64,32.81,"{'Physical Education': 0, 'Sanskrit': 2}"
SCH0023,Govt. High School Faridabad-23,Faridabad,620,22,20,28.18,"{'Science': 0, 'Computer Science': 3, 'Social Science': 3, 'Art': 3, 'History': 2, 'Hindi': 2}"
SCH0024,Govt. Middle School Central-24,Central Delhi,1622,49,54,33.1,"{'History': 3, 'Art': 2, 'Sanskrit': 2}"
SCH0025,Govt. Middle School North-25,North Delhi,388,17,12,22.82,"{'Mathematics': 0, 'Science': 1, 'Physics': 2, 'Social Science': 1, 'Hindi': 0}"
SCH0026,Govt. High School South-26,South Delhi,1151,39,38,29.51,"{'Science': 0, 'Sanskrit': 3, 'Physical Education': 3, 'Biology': 1, 'Art': 0, 'History': 3}"
SCH0027,Govt. High School Central-27,Central Delhi,602,21,20,28.67,"{'History': 1, 'English': 3, 'Social Science': 0, 'Sanskrit': 2, 'Geography': 3}"
SCH0028,Govt. High School Varanasi-28,Varanasi,1995,66,66,30.23,"{'Art': 2, 'Physical Education': 2, 'Sanskrit': 0, 'Hindi': 2, 'Social Science': 0, 'Chemistry': 2}"
SCH0029,Govt. Primary School Lucknow-29,Lucknow,1585,49,52,32.35,"{'Biology': 0, 'Science': 0, 'Hindi': 1, 'Physical Education': 2, 'Art': 2, 'Physics': 1}"
SCH0030,Govt. High School North-30,North Delhi,970,37,32,26.22,"{'Hindi': 0, 'Mathematics': 2, 'Science': 2, 'Computer Science': 1, 'Art': 1, 'Sanskrit': 3}"
SCH0031,Govt. Senior Secondary School East-31,East Delhi,1584,49,52,32.33,"{'Science': 2, 'History': 3, 'Hindi': 2, 'Social Science': 0}"
SCH0032,Govt. High School Jodhpur-32,Jodhpur,663,29,22,22.86,"{'English': 3, 'Physical Education': 3, 'Geography': 1, 'Art': 0, 'Biology': 2, 'Hindi': 2}"
SCH0033,Govt. Primary School Jodhpur-33,Jodhpur,848,33,28,25.7,"{'Science': 0, 'Sanskrit': 3, 'Computer Science': 0}"
SCH0034,Govt. Middle School Varanasi-34,Varanasi,1283,43,42,29.84,"{'Chemistry': 2, 'Biology': 2, 'Physical Education': 1, 'Mathematics': 3, 'Science': 1}"
SCH0035,Govt. Primary School South-35,South Delhi,781,33,26,23.67,"{'Art': 1, 'Science': 0, 'Hindi': 0, 'Physical Education': 1}"
SCH0036,Govt. Primary School Noida-36,Noida,895,35,29,25.57,"{'Chemistry': 3, 'English': 3, 'Social Science': 3}"
SCH0037,Govt. High School Jaipur-37,Jaipur,1921,69,64,27.84,"{'Biology': 3, 'Art': 1}"
SCH0038,Govt. Senior Secondary School Kota-38,Kota,1471,52,49,28.29,"{'Computer Science': 2, 'History': 1}"
SCH0039,Govt. Senior Secondary School North-39,North Delhi,1348,39,44,34.56,"{'English': 0, 'Chemistry': 2, 'Biology': 1}"
SCH0040,Govt. High School Jodhpur-40,Jodhpur,732,22,24,33.27,"{'Mathematics': 0, 'English': 0, 'Chemistry': 2, 'Sanskrit': 2, 'Physical Education': 1}"
SCH0041,Govt. Primary School Faridabad-41,Faridabad,1579,57,52,27.7,"{'Chemistry': 0, 'Physical Education': 1, 'Art': 0, 'History': 0}"
SCH0042,Govt. High School Jodhpur-42,Jodhpur,1942,68,64,28.56,"{'Social Science': 3, 'Hindi': 3, 'Mathematics': 2}"
SCH0043,Govt. Senior Secondary School Ajmer-43,Ajmer,1950,65,65,30.0,"{'Mathematics': 3, 'Sanskrit': 3, 'Geography': 3, 'Biology': 0}"
SCH0044,Govt. High School Udaipur-44,Udaipur,1815,55,60,33.0,"{'History': 1, 'Science': 0}"
SCH0045,Govt. Senior Secondary School New-45,New Delhi,541,16,18,33.81,"{'Science': 3, 'Computer Science': 1, 'Hindi': 2, 'Chemistry': 1, 'Sanskrit': 2, 'Physical Education': 0}"
SCH0046,Govt. Senior Secondary School Ajmer-46,Ajmer,1736,52,57,33.38,"{'Science': 3, 'Chemistry': 0, 'Computer Science': 2, 'Geography': 0, 'Physical Education': 1, 'History': 1}"
SCH0047,Govt. Middle School Agra-47,Agra,319,10,10,31.9,"{'Computer Science': 2, 'Physical Education': 0, 'Physics': 3}"
SCH0048,Govt. Middle School Gurgaon-48,Gurgaon,1348,39,44,34.56,"{'English': 2, 'Computer Science': 1, 'Art': 1, 'Social Science': 0, 'Biology': 3}"
SCH0049,Govt. Senior Secondary School Agra-49,Agra,829,27,27,30.7,"{'Biology': 3, 'Geography': 2}"
SCH0050,Govt. Senior Secondary School Ajmer-50,Ajmer,935,32,31,29.22,"{'History': 2, 'Hindi': 3}"
SCH0051,Govt. Middle School Udaipur-51,Udaipur,222,2,7,111.0,"{'Physics': 2, 'Science': 1, 'Hindi': 3}"
SCH0052,Govt. Middle School Lucknow-52,Lucknow,1960,63,65,31.11,"{'Biology': 1, 'History': 1, 'Physical Education': 1}"
SCH0053,Govt. Senior Secondary School Ghaziabad-53,Ghaziabad,1634,49,54,33.35,"{'Social Science': 0, 'Computer Science': 3, 'Science': 2, 'English': 1, 'Sanskrit': 3, 'Physical Education': 0}"
SCH0054,Govt. High School West-54,West Delhi,1894,61,63,31.05,"{'Social Science': 3, 'Geography': 2, 'Hindi': 3, 'Physics': 2}"
SCH0055,Govt. Middle School Noida-55,Noida,1469,45,48,32.64,"{'Biology': 2, 'Social Science': 2, 'Mathematics': 3, 'Science': 3, 'Chemistry': 2, 'Art': 3}"
SCH0056,Govt. Senior Secondary School South-56,South Delhi,588,14,19,42.0,"{'Art': 3, 'English': 3, 'Computer Science': 2, 'Social Science': 1}"
SCH0057,Govt. Primary School New-57,New Delhi,971,27,32,35.96,"{'Physical Education': 2, 'Chemistry': 3, 'History': 0, 'Mathematics': 0, 'Science': 1, 'Geography': 2}"
SCH0058,Govt. Senior Secondary School Central-58,Central Delhi,1538,55,51,27.96,"{'Geography': 2, 'History': 2, 'English': 3, 'Chemistry': 3}"
SCH0059,Govt. Senior Secondary School Central-59,Central Delhi,445,17,14,26.18,"{'Physics': 3, 'Art': 3, 'Mathematics': 0, 'Sanskrit': 1}"
SCH0060,Govt. High School Noida-60,Noida,996,39,33,25.54,"{'Physics': 0, 'Art': 0}"
SCH0061,Govt. Primary School Kota-61,Kota,1283,47,42,27.3,"{'Physical Education': 2, 'English': 0, 'Hindi': 0, 'Art': 2, 'Computer Science': 2, 'Chemistry': 3}"
SCH0062,Govt. High School North-62,North Delhi,307,7,10,43.86,"{'Art': 3, 'Chemistry': 3, 'Computer Science': 1, 'Hindi': 3}"
SCH0063,Govt. High School Faridabad-63,Faridabad,1796,61,59,29.44,"{'Chemistry': 3, 'Mathematics': 2}"
SCH0064,Govt. High School Jodhpur-64,Jodhpur,1748,60,58,29.13,"{'Sanskrit': 3, 'Biology': 1, 'Physics': 3}"
SCH0065,Govt. High School Ghaziabad-65,Ghaziabad,1975,62,65,31.85,"{'Mathematics': 3, 'Computer Science': 1, 'Hindi': 0}"
SCH0066,Govt. Middle School Kanpur-66,Kanpur,198,9,6,22.0,"{'Sanskrit': 0, 'Science': 1, 'Social Science': 3, 'Physics': 1}"
SCH0067,Govt. Primary School Udaipur-67,Udaipur,437,10,14,43.7,"{'Physics': 1, 'Mathematics': 2, 'Science': 3, 'Social Science': 0, 'English': 0, 'Computer Science': 3}"
SCH0068,Govt. Senior Secondary School South-68,South Delhi,260,6,8,43.33,"{'Chemistry': 0, 'Physics': 1, 'Physical Education': 0, 'Art': 3, 'Sanskrit': 3, 'History': 3}"
SCH0069,Govt. Primary School West-69,West Delhi,1515,51,50,29.71,"{'Hindi': 2, 'Social Science': 0, 'Mathematics': 3, 'Chemistry': 0, 'Physical Education': 3, 'History': 3}"
SCH0070,Govt. High School Kota-70,Kota,1054,32,35,32.94,"{'Chemistry': 1, 'Science': 2, 'Computer Science': 1, 'Physics': 1}"
SCH0071,Govt. Middle School Bikaner-71,Bikaner,1793,59,59,30.39,"{'Physical Education': 1, 'Social Science': 0}"
SCH0072,Govt. Middle School Udaipur-72,Udaipur,662,22,22,30.09,"{'Physics': 3, 'Chemistry': 2, 'Physical Education': 2, 'Social Science': 1, 'History': 0}"
SCH0073,Govt. High School Central-73,Central Delhi,897,24,29,37.38,"{'Computer Science': 3, 'Chemistry': 2, 'Sanskrit': 3, 'English': 0, 'Geography': 0}"
SCH0074,Govt. Middle School Ajmer-74,Ajmer,1119,44,37,25.43,"{'History': 3, 'Mathematics': 2, 'Social Science': 3, 'Physical Education': 2, 'Hindi': 3}"
SCH0075,Govt. Middle School Varanasi-75,Varanasi,1172,34,39,34.47,"{'Biology': 3, 'Sanskrit': 3, 'Computer Science': 1, 'Hindi': 0, 'History': 1}"
SCH0076,Govt. High School Jodhpur-76,Jodhpur,1496,49,49,30.53,"{'Social Science': 2, 'History': 3}"
SCH0077,Govt. Middle School Bikaner-77,Bikaner,1868,61,62,30.62,"{'Sanskrit': 3, 'Art': 0}"
SCH0078,Govt. Middle School Gurgaon-78,Gurgaon,596,18,19,33.11,"{'Art': 2, 'Hindi': 2, 'English': 3}"
SCH0079,Govt. Senior Secondary School North-79,North Delhi,1092,34,36,32.12,"{'Biology': 2, 'Geography': 0, 'Science': 0}"
SCH0080,Govt. Primary School Jaipur-80,Jaipur,1027,35,34,29.34,"{'Hindi': 0, 'Physical Education': 3, 'Art': 2, 'Chemistry': 3, 'Biology': 1, 'Computer Science': 0}"
SCH0081,Govt. High School Gurgaon-81,Gurgaon,1858,61,61,30.46,"{'Art': 1, 'Sanskrit': 2}"
SCH0082,Govt. Primary School West-82,West Delhi,1995,68,66,29.34,"{'English': 1, 'Art': 3, 'Physical Education': 2}"
SCH0083,Govt. Primary School Udaipur-83,Udaipur,953,32,31,29.78,"{'History': 1, 'Hindi': 2}"
SCH0084,Govt. Primary School West-84,West Delhi,254,12,8,21.17,"{'Art': 1, 'Biology': 1, 'Computer Science': 0}"
SCH0085,Govt. Middle School Udaipur-85,Udaipur,1227,35,40,35.06,"{'Geography': 0, 'Physical Education': 2, 'History': 1, 'Chemistry': 3, 'Art': 2}"
SCH0086,Govt. High School Jaipur-86,Jaipur,1600,57,53,28.07,"{'Biology': 2, 'Social Science': 1, 'Hindi': 2, 'Computer Science': 1, 'Art': 0}"
SCH0087,Govt. Primary School Udaipur-87,Udaipur,507,23,16,22.04,"{'Social Science': 3, 'Biology': 1, 'Science': 2}"
SCH0088,Govt. High School Ghaziabad-88,Ghaziabad,1948,62,64,31.42,"{'Physics': 0, 'Sanskrit': 3, 'History': 0, 'Science': 3}"
SCH0089,Govt. High School Central-89,Central Delhi,611,26,20,23.5,"{'Chemistry': 2, 'Physical Education': 2, 'English': 2}"
SCH0090,Govt. Senior Secondary School Noida-90,Noida,1215,36,40,33.75,"{'Chemistry': 1, 'Physics': 3, 'History': 2, 'Biology': 2, 'Sanskrit': 1}"
SCH0091,Govt. High School South-91,South Delhi,150,8,5,18.75,"{'Chemistry': 1, 'Art': 2, 'Geography': 1, 'Mathematics': 0, 'Physical Education': 1}"
SCH0092,Govt. Primary School Kanpur-92,Kanpur,413,17,13,24.29,"{'Physics': 1, 'Social Science': 0}"
SCH0093,Govt. Primary School Kanpur-93,Kanpur,1815,64,60,28.36,"{'Physical Education': 1, 'Sanskrit': 2, 'History': 1, 'Geography': 2, 'Hindi': 3, 'Biology': 0}"
SCH0094,Govt. Middle School Gurgaon-94,Gurgaon,1092,38,36,28.74,"{'Biology': 0, 'Mathematics': 3, 'Chemistry': 3, 'Physics': 3, 'Physical Education': 0}"
SCH0095,Govt. Primary School New-95,New Delhi,1226,38,40,32.26,"{'Geography': 1, 'History': 0, 'Mathematics': 3}"
SCH0096,Govt. Senior Secondary School Kanpur-96,Kanpur,983,29,32,33.9,"{'Computer Science': 2, 'Chemistry': 3}"
SCH0097,Govt. Primary School Central-97,Central Delhi,1943,71,64,27.37,"{'Mathematics': 1, 'Social Science': 3, 'Chemistry': 1}"
SCH0098,Govt. High School Agra-98,Agra,1793,56,59,32.02,"{'Physics': 0, 'Sanskrit': 3, 'Chemistry': 2, 'Social Science': 2, 'Physical Education': 3}"
SCH0099,Govt. Senior Secondary School Faridabad-99,Faridabad,1181,40,39,29.52,"{'Mathematics': 1, 'Physical Education': 0, 'History': 1, 'Sanskrit': 0, 'Physics': 1}"
SCH0100,Govt. Senior Secondary School Gurgaon-100,Gurgaon,890,32,29,27.81,"{'Art': 3, 'Mathematics': 0}"
SCH0101,Govt. High School Gurgaon-101,Gurgaon,1764,62,58,28.45,"{'Geography': 1, 'English': 0}"
SCH0102,Govt. High School Gurgaon-102,Gurgaon,1874,58,62,32.31,"{'Computer Science': 3, 'Science': 1, 'Geography': 1, 'Hindi': 3, 'Biology': 0}"
SCH0103,Govt. Middle School Faridabad-103,Faridabad,587,26,19,22.58,"{'Geography': 0, 'Sanskrit': 0, 'Physical Education': 3}"
SCH0104,Govt. High School West-104,West Delhi,1312,44,43,29.82,"{'Science': 3, 'Geography': 2, 'Mathematics': 0, 'Social Science': 1}"
SCH0105,Govt. Primary School Ajmer-105,Ajmer,960,33,32,29.09,"{'Physical Education': 2, 'Hindi': 3, 'Science': 1, 'Geography': 3, 'Art': 2}"
SCH0106,Govt. Middle School West-106,West Delhi,1096,36,36,30.44,"{'Art': 0, 'Science': 0, 'Geography': 1, 'Mathematics': 3, 'Physics': 0, 'History': 2}"
SCH0107,Govt. Middle School Varanasi-107,Varanasi,1108,34,36,32.59,"{'History': 0, 'Computer Science': 3}"
SCH0108,Govt. Senior Secondary School Agra-108,Agra,1011,37,33,27.32,"{'Sanskrit': 1, 'Biology': 3, 'Science': 0, 'Chemistry': 2, 'Physics': 3}"
SCH0109,Govt. High School Jaipur-109,Jaipur,1412,46,47,30.7,"{'English': 2, 'Physical Education': 1, 'History': 1, 'Computer Science': 1, 'Social Science': 0}"
SCH0110,Govt. Primary School Bikaner-110,Bikaner,1223,36,40,33.97,"{'Chemistry': 3, 'Physical Education': 2, 'Geography': 1, 'Social Science': 1, 'Physics': 2}"
SCH0111,Govt. Senior Secondary School Gurgaon-111,Gurgaon,541,13,18,41.62,"{'Biology': 3, 'Hindi': 0, 'Sanskrit': 0, 'Geography': 3}"
SCH0112,Govt. Primary School Bikaner-112,Bikaner,1139,39,37,29.21,"{'Mathematics': 3, 'Biology': 2, 'Physics': 1, 'English': 0}"
SCH0113,Govt. High School Jodhpur-113,Jodhpur,995,38,33,26.18,"{'Art': 3, 'Social Science': 3, 'Physics': 3, 'Sanskrit': 1}"
SCH0114,Govt. Middle School Bikaner-114,Bikaner,1798,65,59,27.66,"{'Mathematics': 0, 'History': 0, 'Hindi': 0, 'Science': 2, 'Physical Education': 2, 'Chemistry': 0}"
SCH0115,Govt. High School Jodhpur-115,Jodhpur,1391,43,46,32.35,"{'Computer Science': 0, 'Physical Education': 0, 'Biology': 3, 'Art': 1, 'Mathematics': 2}"
SCH0116,Govt. Middle School East-116,East Delhi,1679,62,55,27.08,"{'Chemistry': 0, 'Physical Education': 3, 'Hindi': 2}"
SCH0117,Govt. Middle School Ghaziabad-117,Ghaziabad,1425,43,47,33.14,"{'History': 0, 'Sanskrit': 2, 'Physics': 1, 'Chemistry': 2, 'Art': 2}"
SCH0118,Govt. Middle School Agra-118,Agra,948,35,31,27.09,"{'Social Science': 3, 'Sanskrit': 0, 'Art': 1, 'Hindi': 1, 'Science': 1}"
SCH0119,Govt. Middle School Noida-119,Noida,1121,33,37,33.97,"{'Physical Education': 2, 'History': 0}"
SCH0120,Govt. High School New-120,New Delhi,1319,47,43,28.06,"{'Physical Education': 0, 'Biology': 1, 'Social Science': 0}"
SCH0121,Govt. Middle School Ajmer-121,Ajmer,1198,46,39,26.04,"{'Sanskrit': 3, 'Hindi': 3}"
SCH0122,Govt. High School Ghaziabad-122,Ghaziabad,828,26,27,31.85,"{'English': 0, 'Social Science': 0, 'Mathematics': 3, 'History': 1}"
SCH0123,Govt. Middle School Central-123,Central Delhi,1992,69,66,28.87,"{'Mathematics': 3, 'History': 3}"
SCH0124,Govt. High School Ghaziabad-124,Ghaziabad,838,22,27,38.09,"{'Science': 2, 'Mathematics': 3, 'Geography': 3, 'Social Science': 1, 'Biology': 0}"
SCH0125,Govt. Primary School Jodhpur-125,Jodhpur,195,8,6,24.38,"{'English': 2, 'Mathematics': 1, 'Social Science': 3, 'Biology': 0}"
SCH0126,Govt. Senior Secondary School West-126,West Delhi,1903,58,63,32.81,"{'Biology': 2, 'Science': 0, 'Geography': 2, 'Computer Science': 0, 'Mathematics': 2}"
SCH0127,Govt. High School Central-127,Central Delhi,972,27,32,36.0,"{'Social Science': 0, 'Science': 1, 'Hindi': 3, 'Art': 3, 'History': 0, 'Chemistry': 1}"
SCH0128,Govt. High School Bikaner-128,Bikaner,496,21,16,23.62,"{'Chemistry': 2, 'Biology': 0, 'Art': 3, 'Social Science': 3, 'Geography': 0, 'Sanskrit': 0}"
SCH0129,Govt. Senior Secondary School Ghaziabad-129,Ghaziabad,175,8,5,21.88,"{'Physical Education': 2, 'Science': 3, 'Hindi': 1, 'Computer Science': 2, 'Sanskrit': 3, 'Social Science': 3}"
SCH0130,Govt. High School East-130,East Delhi,950,35,31,27.14,"{'English': 2, 'History': 3, 'Science': 0}"
SCH0131,Govt. Senior Secondary School New-131,New Delhi,1192,36,39,33.11,"{'Biology': 3, 'Physical Education': 0, 'Geography': 3, 'Sanskrit': 2, 'Social Science': 0}"
SCH0132,Govt. High School South-132,South Delhi,1607,52,53,30.9,"{'Physical Education': 2, 'Social Science': 3, 'Sanskrit': 0, 'Biology': 2}"
SCH0133,Govt. High School East-133,East Delhi,208,5,6,41.6,"{'Art': 1, 'Sanskrit': 1, 'Computer Science': 2, 'Geography': 1}"
SCH0134,Govt. Primary School Noida-134,Noida,1346,48,44,28.04,"{'History': 0, 'Hindi': 2}"
SCH0135,Govt. Middle School Central-135,Central Delhi,1338,51,44,26.24,"{'Science': 2, 'Mathematics': 2, 'English': 1}"
SCH0136,Govt. Middle School Ghaziabad-136,Ghaziabad,850,34,28,25.0,"{'Science': 0, 'Biology': 1, 'Physical Education': 1, 'Social Science': 3, 'Chemistry': 0}"
SCH0137,Govt. Primary School Faridabad-137,Faridabad,1376,45,45,30.58,"{'Science': 2, 'Geography': 1, 'Mathematics': 0, 'Chemistry': 3, 'Physics': 1}"
SCH0138,Govt. Middle School Bikaner-138,Bikaner,1516,46,50,32.96,"{'Science': 2, 'Hindi': 1}"
SCH0139,Govt. Senior Secondary School Ajmer-139,Ajmer,1317,42,43,31.36,"{'Geography': 0, 'Mathematics': 0, 'English': 1, 'Biology': 2}"
SCH0140,Govt. Primary School Udaipur-140,Udaipur,1771,66,59,26.83,"{'English': 0, 'Geography': 1, 'Chemistry': 3, 'Computer Science': 0}"
SCH0141,Govt. Senior Secondary School Jodhpur-141,Jodhpur,610,21,20,29.05,"{'Physics': 0, 'Chemistry': 0, 'Sanskrit': 3, 'Physical Education': 3, 'Science': 1}"
SCH0142,Govt. Middle School New-142,New Delhi,1375,42,45,32.74,"{'Physical Education': 0, 'Biology': 3, 'Social Science': 1, 'Computer Science': 2, 'Chemistry': 2}"
SCH0143,Govt. Senior Secondary School Kota-143,Kota,813,31,27,26.23,"{'Science': 2, 'Physics': 2, 'Social Science': 1, 'Art': 2, 'Sanskrit': 0}"
SCH0144,Govt. Senior Secondary School Kanpur-144,Kanpur,752,21,25,35.81,"{'Biology': 3, 'Chemistry': 1, 'Mathematics': 1, 'Hindi': 3, 'History': 3, 'Physics': 3}"
SCH0145,Govt. Primary School Bikaner-145,Bikaner,928,33,30,28.12,"{'Art': 2, 'Mathematics': 0, 'Hindi': 2, 'Social Science': 0, 'History': 3}"
SCH0146,Govt. Middle School Central-146,Central Delhi,289,12,9,24.08,"{'Physical Education': 2, 'Biology': 3, 'Science': 0, 'Mathematics': 0, 'Geography': 3}"
SCH0147,Govt. High School Gurgaon-147,Gurgaon,1028,34,34,30.24,"{'History': 0, 'Mathematics': 1, 'Sanskrit': 1, 'Chemistry': 3}"
SCH0148,Govt. High School East-148,East Delhi,784,33,26,23.76,"{'Biology': 0, 'Science': 2}"
SCH0149,Govt. Primary School Central-149,Central Delhi,1272,42,42,30.29,"{'History': 0, 'Physical Education': 2, 'Social Science': 3, 'Chemistry': 0}"
SCH0150,Govt. Primary School Jodhpur-150,Jodhpur,1799,56,59,32.12,"{'Biology': 2, 'History': 3, 'English': 0}"
SCH0151,Govt. High School Kanpur-151,Kanpur,1525,53,50,28.77,"{'History': 0, 'Physical Education': 1, 'English': 2, 'Science': 2, 'Social Science': 0, 'Chemistry': 0}"
SCH0152,Govt. Middle School Agra-152,Agra,1689,56,56,30.16,"{'Social Science': 2, 'Physical Education': 3}"
SCH0153,Govt. Primary School Ghaziabad-153,Ghaziabad,570,22,19,25.91,"{'Biology': 2, 'History': 3, 'Sanskrit': 1}"
SCH0154,Govt. Middle School Lucknow-154,Lucknow,835,29,27,28.79,"{'Art': 1, 'History': 3, 'Chemistry': 3, 'Biology': 3, 'Physics': 0, 'Hindi': 3}"
SCH0155,Govt. Primary School Gurgaon-155,Gurgaon,1245,47,41,26.49,"{'Sanskrit': 3, 'Art': 1, 'Chemistry': 3}"
SCH0156,Govt. Middle School South-156,South Delhi,797,32,26,24.91,"{'Physical Education': 1, 'Art': 3, 'Chemistry': 3, 'Sanskrit': 0, 'English': 0}"
SCH0157,Govt. Senior Secondary School Jodhpur-157,Jodhpur,839,32,27,26.22,"{'History': 1, 'Geography': 2, 'Physics': 0}"
SCH0158,Govt. Primary School West-158,West Delhi,1324,39,44,33.95,"{'History': 0, 'Biology': 3}"
SCH0159,Govt. High School North-159,North Delhi,560,24,18,23.33,"{'Sanskrit': 3, 'Computer Science': 0, 'English': 0, 'Science': 1, 'Biology': 2}"
SCH0160,Govt. Middle School Faridabad-160,Faridabad,1376,45,45,30.58,"{'Physical Education': 1, 'Chemistry': 2, 'Computer Science': 3, 'Science': 0, 'Physics': 2, 'History': 0}"
SCH0161,Govt. Middle School Kanpur-161,Kanpur,549,22,18,24.95,"{'Sanskrit': 3, 'History': 1, 'Mathematics': 1, 'Geography': 2, 'Science': 0}"
SCH0162,Govt. Middle School Gurgaon-162,Gurgaon,1128,38,37,29.68,"{'Physical Education': 3, 'Science': 0, 'Chemistry': 1}"
SCH0163,Govt. Senior Secondary School West-163,West Delhi,1188,35,39,33.94,"{'English': 3, 'Physical Education': 2, 'Social Science': 0, 'Mathematics': 2, 'Computer Science': 0}"
SCH0164,Govt. Senior Secondary School Agra-164,Agra,1405,49,46,28.67,"{'Physics': 1, 'Sanskrit': 2, 'Chemistry': 2, 'English': 0}"
SCH0165,Govt. Primary School Gurgaon-165,Gurgaon,1584,47,52,33.7,"{'Computer Science': 1, 'Art': 0, 'English': 2, 'Physical Education': 2, 'Sanskrit': 0, 'Science': 0}"
SCH0166,Govt. Primary School Bikaner-166,Bikaner,922,30,30,30.73,"{'Computer Science': 3, 'Hindi': 0, 'Biology': 0, 'Geography': 2, 'English': 0, 'Art': 1}"
SCH0167,Govt. Middle School Jaipur-167,Jaipur,870,28,29,31.07,"{'Social Science': 2, 'Computer Science': 0, 'Mathematics': 0, 'Biology': 0, 'Sanskrit': 1}"
SCH0168,Govt. High School Kota-168,Kota,1581,49,52,32.27,"{'Biology': 0, 'Physics': 0}"
SCH0169,Govt. Middle School Ajmer-169,Ajmer,1201,43,40,27.93,"{'Physical Education': 1, 'Social Science': 0, 'Biology': 2, 'Art': 0, 'Hindi': 0}"
SCH0170,Govt. Primary School Kanpur-170,Kanpur,1895,58,63,32.67,"{'Hindi': 0, 'Chemistry': 3}"
SCH0171,Govt. Middle School Ajmer-171,Ajmer,1923,60,64,32.05,"{'Social Science': 3, 'Physical Education': 2, 'Sanskrit': 3, 'Mathematics': 2, 'Chemistry': 1, 'Art': 1}"
SCH0172,Govt. Senior Secondary School North-172,North Delhi,773,25,25,30.92,"{'Physical Education': 1, 'Biology': 2, 'Social Science': 2, 'Hindi': 1, 'Geography': 3, 'Physics': 0}"
SCH0173,Govt. High School Gurgaon-173,Gurgaon,1177,45,39,26.16,"{'Social Science': 0, 'Computer Science': 1, 'Physical Education': 1, 'Art': 2, 'English': 0, 'Science': 0}"
SCH0174,Govt. Middle School South-174,South Delhi,723,25,24,28.92,"{'Mathematics': 2, 'Geography': 0, 'Physics': 0, 'English': 1, 'Science': 1}"
SCH0175,Govt. Middle School Ghaziabad-175,Ghaziabad,174,2,5,87.0,"{'English': 2, 'Hindi': 1, 'Sanskrit': 3, 'History': 3, 'Physics': 1}"
SCH0176,Govt. Middle School Udaipur-176,Udaipur,905,26,30,34.81,"{'Social Science': 1, 'Biology': 1, 'Sanskrit': 1}"
SCH0177,Govt. Senior Secondary School Agra-177,Agra,1458,53,48,27.51,"{'Science': 2, 'English': 2, 'Hindi': 1, 'Computer Science': 3, 'Chemistry': 0}"
SCH0178,Govt. Middle School Kota-178,Kota,265,3,8,88.33,"{'Art': 3, 'Chemistry': 2}"
SCH0179,Govt. Middle School North-179,North Delhi,1119,38,37,29.45,"{'Science': 1, 'Biology': 2, 'Physics': 0, 'Computer Science': 0, 'Social Science': 0, 'Chemistry': 3}"
SCH0180,Govt. Senior Secondary School Lucknow-180,Lucknow,237,9,7,26.33,"{'Biology': 0, 'Mathematics': 1, 'Geography': 0}"
SCH0181,Govt. Middle School Kota-181,Kota,1631,52,54,31.37,"{'Hindi': 3, 'Computer Science': 0, 'Science': 1, 'Art': 1, 'Biology': 0, 'Social Science': 1}"
SCH0182,Govt. Senior Secondary School Varanasi-182,Varanasi,304,15,10,20.27,"{'Mathematics': 2, 'Sanskrit': 3, 'Social Science': 2}"
SCH0183,Govt. Senior Secondary School Jodhpur-183,Jodhpur,210,10,7,21.0,"{'Hindi': 2, 'History': 2}"
SCH0184,Govt. Primary School Central-184,Central Delhi,947,36,31,26.31,"{'Physics': 1, 'Computer Science': 3, 'Physical Education': 3, 'History': 3, 'Chemistry': 3}"
SCH0185,Govt. High School Ajmer-185,Ajmer,999,35,33,28.54,"{'Computer Science': 0, 'Science': 2, 'Biology': 3, 'Geography': 2, 'Chemistry': 2}"
SCH0186,Govt. Senior Secondary School Faridabad-186,Faridabad,192,2,6,96.0,"{'Hindi': 0, 'Biology': 1, 'Art': 2, 'Sanskrit': 2}"
SCH0187,Govt. Senior Secondary School Lucknow-187,Lucknow,1912,62,63,30.84,"{'History': 1, 'Computer Science': 3, 'Physics': 1, 'Mathematics': 0}"
SCH0188,Govt. Middle School Kanpur-188,Kanpur,633,20,21,31.65,"{'Science': 1, 'Biology': 0, 'Sanskrit': 0}"
SCH0189,Govt. Senior Secondary School Noida-189,Noida,332,17,11,19.53,"{'Art': 1, 'Physics': 1}"
SCH0190,Govt. High School Gurgaon-190,Gurgaon,645,16,21,40.31,"{'Hindi': 1, 'Science': 1, 'History': 0, 'Sanskrit': 2, 'Geography': 0, 'Computer Science': 1}"
SCH0191,Govt. Middle School Gurgaon-191,Gurgaon,348,14,11,24.86,"{'Art': 1, 'Geography': 2, 'Mathematics': 3}"
SCH0192,Govt. High School Faridabad-192,Faridabad,449,19,14,23.63,"{'History': 2, 'Social Science': 3, 'English': 0}"
SCH0193,Govt. Senior Secondary School West-193,West Delhi,436,18,14,24.22,"{'Mathematics': 3, 'Physics': 0, 'Hindi': 3}"
SCH0194,Govt. Middle School Ajmer-194,Ajmer,724,21,24,34.48,"{'English': 0, 'Social Science': 3}"
SCH0195,Govt. High School South-195,South Delhi,818,29,27,28.21,"{'History': 1, 'Science': 1, 'Physical Education': 1, 'Art': 3, 'Biology': 2}"
SCH0196,Govt. Middle School Jaipur-196,Jaipur,177,7,5,25.29,"{'Geography': 1, 'Science': 0, 'Biology': 1, 'History': 1, 'Hindi': 2, 'Mathematics': 3}"
SCH0197,Govt. Middle School Udaipur-197,Udaipur,982,33,32,29.76,"{'Computer Science': 2, 'Mathematics': 2, 'Art': 2, 'Biology': 1, 'Chemistry': 2}"
SCH0198,Govt. Senior Secondary School Varanasi-198,Varanasi,1874,68,62,27.56,"{'Physical Education': 0, 'Biology': 1, 'Science': 1, 'Sanskrit': 1, 'Physics': 2}"
SCH0199,Govt. High School Bikaner-199,Bikaner,1138,40,37,28.45,"{'English': 2, 'Social Science': 0}"
SCH0200,Govt. Middle School Bikaner-200,Bikaner,127,9,5,14.11,"{'Geography': 2, 'History': 0, 'Social Science': 0, 'Biology': 2, 'Art': 1}"
SCH0201,Govt. Primary School Bikaner-201,Bikaner,1597,59,53,27.07,"{'Art': 0, 'Physical Education': 0}"
SCH0202,Govt. High School West-202,West Delhi,1648,52,54,31.69,"{'Biology': 0, 'Hindi': 3, 'Chemistry': 1, 'Physics': 2, 'Sanskrit': 0}"
SCH0203,Govt. Primary School Kanpur-203,Kanpur,208,2,6,104.0,"{'Physics': 2, 'Chemistry': 3}"
SCH0204,Govt. Middle School Agra-204,Agra,210,7,7,30.0,"{'English': 1, 'Computer Science': 2, 'Biology': 3, 'Science': 3}"
SCH0205,Govt. Senior Secondary School East-205,East Delhi,1492,55,49,27.13,"{'Chemistry': 2, 'Science': 1}"
SCH0206,Govt. High School Lucknow-206,Lucknow,524,16,17,32.75,"{'Mathematics': 1, 'Geography': 3, 'History': 1, 'Physical Education': 3, 'Physics': 1, 'Science': 2}"
SCH0207,Govt. Middle School Varanasi-207,Varanasi,414,20,13,20.7,"{'Sanskrit': 1, 'Physical Education': 0, 'Mathematics': 0, 'Social Science': 0, 'Geography': 0}"
SCH0208,Govt. Middle School Ghaziabad-208,Ghaziabad,761,24,25,31.71,"{'Geography': 1, 'History': 1}"
SCH0209,Govt. High School Noida-209,Noida,1626,52,54,31.27,"{'Hindi': 1, 'Science': 2, 'Physics': 1, 'History': 1, 'Physical Education': 1}"
SCH0210,Govt. Middle School West-210,West Delhi,1730,59,57,29.32,"{'Hindi': 2, 'Art': 0, 'Chemistry': 2, 'History': 2, 'Geography': 2, 'Computer Science': 2}"
SCH0211,Govt. Middle School North-211,North Delhi,1163,37,38,31.43,"{'English': 3, 'Social Science': 3}"
SCH0212,Govt. Middle School Ghaziabad-212,Ghaziabad,1346,44,44,30.59,"{'Mathematics': 1, 'English': 3, 'Art': 3, 'Geography': 2}"
SCH0213,Govt. Senior Secondary School Kanpur-213,Kanpur,103,5,5,20.6,"{'Physical Education': 1, 'Computer Science': 0, 'Mathematics': 1}"
SCH0214,Govt. High School East-214,East Delhi,603,20,20,30.15,"{'Chemistry': 2, 'Biology': 1, 'Physics': 0, 'English': 1, 'Physical Education': 2}"
SCH0215,Govt. Middle School Ghaziabad-215,Ghaziabad,814,29,27,28.07,"{'Geography': 1, 'Science': 2, 'Mathematics': 0, 'English': 3, 'Computer Science': 0, 'Physical Education': 1}"
SCH0216,Govt. Middle School East-216,East Delhi,1533,51,51,30.06,"{'Computer Science': 3, 'Chemistry': 2, 'Biology': 3, 'Geography': 0, 'Physical Education': 3}"
SCH0217,Govt. Middle School Varanasi-217,Varanasi,212,13,7,16.31,"{'Art': 2, 'History': 0, 'Science': 1}"
SCH0218,Govt. Primary School Lucknow-218,Lucknow,753,25,25,30.12,"{'Social Science': 0, 'Computer Science': 1}"
SCH0219,Govt. Primary School Ajmer-219,Ajmer,238,5,7,47.6,"{'Computer Science': 0, 'Social Science': 2, 'Mathematics': 2, 'Hindi': 0, 'Chemistry': 1, 'Physical Education': 1}"
SCH0220,Govt. High School North-220,North Delhi,109,4,5,27.25,"{'Hindi': 2, 'Art': 1, 'English': 3, 'Social Science': 1}"
SCH0221,Govt. Middle School Ghaziabad-221,Ghaziabad,112,7,5,16.0,"{'Mathematics': 1, 'Biology': 3}"
SCH0222,Govt. High School Varanasi-222,Varanasi,420,13,14,32.31,"{'Chemistry': 0, 'History': 0, 'Physical Education': 0}"
SCH0223,Govt. Middle School Gurgaon-223,Gurgaon,1010,35,33,28.86,"{'Chemistry': 1, 'Physical Education': 2}"
SCH0224,Govt. Primary School South-224,South Delhi,1542,46,51,33.52,"{'Biology': 0, 'Science': 1}"
SCH0225,Govt. Primary School Agra-225,Agra,335,7,11,47.86,"{'Chemistry': 1, 'Physical Education': 0, 'Computer Science': 3, 'Sanskrit': 2, 'Social Science': 0, 'Science': 1}"
SCH0226,Govt. Senior Secondary School Kanpur-226,Kanpur,687,19,22,36.16,"{'English': 2, 'Art': 0, 'Geography': 3, 'Biology': 3}"
SCH0227,Govt. Senior Secondary School Lucknow-227,Lucknow,1017,39,33,26.08,"{'Sanskrit': 3, 'Science': 0, 'Hindi': 3, 'Chemistry': 2, 'Geography': 0}"
SCH0228,Govt. Senior Secondary School Kanpur-228,Kanpur,1352,51,45,26.51,"{'Sanskrit': 1, 'Social Science': 2, 'Physical Education': 0, 'Physics': 0, 'Hindi': 0}"
SCH0229,Govt. High School Agra-229,Agra,950,36,31,26.39,"{'History': 1, 'Computer Science': 1}"
SCH0230,Govt. High School West-230,West Delhi,673,20,22,33.65,"{'Physics': 0, 'Physical Education': 0, 'Computer Science': 1, 'English': 0}"
SCH0231,Govt. Senior Secondary School Gurgaon-231,Gurgaon,501,18,16,27.83,"{'Social Science': 3, 'Hindi': 2, 'English': 3}"
SCH0232,Govt. High School Bikaner-232,Bikaner,1649,51,54,32.33,"{'English': 0, 'Art': 1}"
SCH0233,Govt. Primary School Jodhpur-233,Jodhpur,1988,67,66,29.67,"{'Art': 2, 'Geography': 2, 'Biology': 0, 'Computer Science': 0, 'Sanskrit': 0, 'Physics': 0}"
SCH0234,Govt. High School Agra-234,Agra,1106,37,36,29.89,"{'Science': 1, 'Biology': 1, 'Art': 0, 'Computer Science': 3, 'Social Science': 3}"
SCH0235,Govt. Senior Secondary School Faridabad-235,Faridabad,1162,35,38,33.2,"{'History': 1, 'Science': 1, 'Social Science': 2, 'Biology': 2}"
SCH0236,Govt. Senior Secondary School Jaipur-236,Jaipur,1302,45,43,28.93,"{'Physics': 1, 'Social Science': 3}"
SCH0237,Govt. Senior Secondary School East-237,East Delhi,1623,61,54,26.61,"{'Geography': 0, 'History': 3, 'Chemistry': 1, 'Biology': 2, 'Sanskrit': 2, 'Art': 3}"
SCH0238,Govt. Primary School South-238,South Delhi,256,8,8,32.0,"{'Computer Science': 0, 'Hindi': 0, 'Physics': 0, 'Geography': 0, 'Biology': 2, 'History': 2}"
SCH0239,Govt. Senior Secondary School Central-239,Central Delhi,388,10,12,38.8,"{'Science': 1, 'Art': 1, 'Physics': 1, 'Sanskrit': 0, 'History': 2}"
SCH0240,Govt. Senior Secondary School New-240,New Delhi,1965,60,65,32.75,"{'Physical Education': 1, 'Biology': 1, 'Art': 0}"
SCH0241,Govt. High School Udaipur-241,Udaipur,1282,40,42,32.05,"{'Physics': 0, 'Social Science': 3, 'Chemistry': 3, 'Physical Education': 3}"
SCH0242,Govt. Senior Secondary School Agra-242,Agra,114,12,5,9.5,"{'Science': 3, 'Physics': 0, 'Sanskrit': 0, 'History': 2}"
SCH0243,Govt. Middle School Kanpur-243,Kanpur,423,20,14,21.15,"{'Physical Education': 0, 'Computer Science': 1, 'Geography': 2, 'English': 2}"
SCH0244,Govt. Senior Secondary School Agra-244,Agra,726,21,24,34.57,"{'Computer Science': 3, 'English': 3, 'Physics': 1, 'Social Science': 2, 'Chemistry': 2, 'Art': 0}"
SCH0245,Govt. Senior Secondary School Bikaner-245,Bikaner,1783,64,59,27.86,"{'History': 1, 'Chemistry': 1, 'Computer Science': 3, 'Physics': 1}"
SCH0246,Govt. Senior Secondary School Central-246,Central Delhi,1257,43,41,29.23,"{'History': 2, 'Physics': 2, 'Mathematics': 1, 'Art': 1, 'Social Science': 2}"
SCH0247,Govt. High School New-247,New Delhi,495,20,16,24.75,"{'Art': 0, 'Biology': 3, 'Hindi': 1, 'Physical Education': 1}"
SCH0248,Govt. High School Central-248,Central Delhi,1084,31,36,34.97,"{'Social Science': 2, 'Art': 3}"
SCH0249,Govt. Senior Secondary School West-249,West Delhi,927,35,30,26.49,"{'Art': 3, 'Geography': 3, 'English': 3, 'Sanskrit': 3}"
SCH0250,Govt. High School Kanpur-250,Kanpur,1447,47,48,30.79,"{'English': 3, 'Physical Education': 0, 'Geography': 3}"
SCH0251,Govt. Primary School New-251,New Delhi,226,11,7,20.55,"{'Chemistry': 0, 'Physics': 3}"
SCH0252,Govt. Primary School Gurgaon-252,Gurgaon,1922,68,64,28.26,"{'Social Science': 0, 'Art': 1, 'Physical Education': 2, 'Biology': 0, 'Hindi': 1, 'History': 3}"
SCH0253,Govt. Middle School Gurgaon-253,Gurgaon,1420,47,47,30.21,"{'Sanskrit': 2, 'Hindi': 2, 'Physics': 0, 'Computer Science': 1, 'Geography': 0}"
SCH0254,Govt. Primary School Jaipur-254,Jaipur,1528,54,50,28.3,"{'Art': 1, 'Chemistry': 3, 'History': 1, 'Physical Education': 2}"
SCH0255,Govt. High School Varanasi-255,Varanasi,924,25,30,36.96,"{'Art': 2, 'Geography': 1, 'English': 2}"
SCH0256,Govt. Senior Secondary School Faridabad-256,Faridabad,470,17,15,27.65,"{'Sanskrit': 2, 'Physics': 0, 'History': 2, 'Science': 0, 'Physical Education': 0}"
SCH0257,Govt. Middle School West-257,West Delhi,1260,46,42,27.39,"{'Art': 3, 'English': 0}"
SCH0258,Govt. Primary School Faridabad-258,Faridabad,216,11,7,19.64,"{'English': 0, 'Chemistry': 2, 'Science': 2, 'Hindi': 3, 'Biology': 0, 'Physics': 1}"
SCH0259,Govt. Primary School North-259,North Delhi,174,5,5,34.8,"{'Chemistry': 1, 'History': 2}"
SCH0260,Govt. High School Lucknow-260,Lucknow,1333,49,44,27.2,"{'Science': 1, 'Physics': 2, 'Hindi': 0, 'Mathematics': 3, 'Art': 2}"
SCH0261,Govt. Middle School West-261,West Delhi,1054,41,35,25.71,"{'English': 2, 'Mathematics': 2, 'Social Science': 1}"
SCH0262,Govt. High School Jodhpur-262,Jodhpur,763,28,25,27.25,"{'Biology': 2, 'Geography': 3, 'Mathematics': 1, 'Science': 0, 'Physical Education': 3}"
SCH0263,Govt. High School Faridabad-263,Faridabad,1284,37,42,34.7,"{'History': 0, 'Physical Education': 2, 'Geography': 2}"
SCH0264,Govt. Primary School Udaipur-264,Udaipur,761,29,25,26.24,"{'Art': 3, 'Social Science': 1}"
SCH0265,Govt. Middle School Gurgaon-265,Gurgaon,1592,48,53,33.17,"{'Mathematics': 2, 'Hindi': 0}"
SCH0266,Govt. Primary School Varanasi-266,Varanasi,1207,43,40,28.07,"{'Science': 0, 'Biology': 3}"
SCH0267,Govt. Senior Secondary School Bikaner-267,Bikaner,1753,58,58,30.22,"{'Geography': 3, 'Hindi': 2, 'Physical Education': 0, 'English': 3, 'Social Science': 0, 'Chemistry': 2}"
SCH0268,Govt. Middle School North-268,North Delhi,1892,70,63,27.03,"{'Geography': 1, 'Chemistry': 2, 'English': 2}"
SCH0269,Govt. Middle School East-269,East Delhi,1051,32,35,32.84,"{'History': 1, 'Sanskrit': 3}"
SCH0270,Govt. Senior Secondary School Udaipur-270,Udaipur,769,32,25,24.03,"{'Sanskrit': 0, 'Biology': 0, 'Mathematics': 0, 'Computer Science': 1, 'Chemistry': 3}"
SCH0271,Govt. Middle School Lucknow-271,Lucknow,1547,48,51,32.23,"{'Physics': 1, 'Art': 0}"
SCH0272,Govt. Middle School East-272,East Delhi,689,19,22,36.26,"{'Physical Education': 2, 'Computer Science': 1, 'Art': 1}"
SCH0273,Govt. Middle School West-273,West Delhi,601,26,20,23.12,"{'Mathematics': 0, 'Physics': 1, 'History': 1}"
SCH0274,Govt. High School Agra-274,Agra,1801,57,60,31.6,"{'Physical Education': 2, 'Biology': 3, 'Computer Science': 0, 'English': 3, 'Sanskrit': 0}"
SCH0275,Govt. Primary School East-275,East Delhi,154,6,5,25.67,"{'Social Science': 2, 'Hindi': 3}"
SCH0276,Govt. High School South-276,South Delhi,877,33,29,26.58,"{'Physics': 2, 'Social Science': 1}"
SCH0277,Govt. Primary School Udaipur-277,Udaipur,261,14,8,18.64,"{'Biology': 0, 'Social Science': 2, 'Mathematics': 2, 'Computer Science': 3, 'Hindi': 3, 'Art': 1}"
SCH0278,Govt. Senior Secondary School Lucknow-278,Lucknow,1514,57,50,26.56,"{'Social Science': 3, 'Science': 0, 'Physics': 0, 'Chemistry': 2}"
SCH0279,Govt. Primary School Kanpur-279,Kanpur,1958,67,65,29.22,"{'Physics': 2, 'English': 2, 'Biology': 2, 'Physical Education': 0, 'Sanskrit': 3}"
SCH0280,Govt. Middle School Udaipur-280,Udaipur,1177,42,39,28.02,"{'Physical Education': 2, 'Chemistry': 0}"
SCH0281,Govt. Primary School East-281,East Delhi,678,19,22,35.68,"{'Sanskrit': 0, 'English': 3, 'History': 2, 'Social Science': 3, 'Physics': 1, 'Science': 2}"
SCH0282,Govt. Middle School East-282,East Delhi,195,8,6,24.38,"{'Social Science': 1, 'Biology': 3, 'Geography': 3, 'Chemistry': 1}"
SCH0283,Govt. Primary School New-283,New Delhi,590,17,19,34.71,"{'Biology': 3, 'Mathematics': 0, 'Physical Education': 1, 'Physics': 0}"
SCH0284,Govt. Primary School Bikaner-284,Bikaner,1009,34,33,29.68,"{'Computer Science': 3, 'Art': 1, 'Mathematics': 2, 'Science': 1}"
SCH0285,Govt. Middle School Kanpur-285,Kanpur,874,24,29,36.42,"{'Art': 2, 'Physical Education': 0, 'Computer Science': 2, 'English': 3, 'Mathematics': 0, 'Sanskrit': 2}"
SCH0286,Govt. Primary School Bikaner-286,Bikaner,1671,62,55,26.95,"{'English': 3, 'Science': 1}"
SCH0287,Govt. Middle School Gurgaon-287,Gurgaon,613,15,20,40.87,"{'Chemistry': 2, 'Geography': 0, 'Mathematics': 3, 'Art': 2}"
SCH0288,Govt. Primary School Central-288,Central Delhi,845,24,28,35.21,"{'Physics': 2, 'Biology': 2, 'Science': 2, 'Geography': 3}"
SCH0289,Govt. Middle School Central-289,Central Delhi,1655,54,55,30.65,"{'Physics': 0, 'Computer Science': 1, 'Social Science': 3, 'Hindi': 1, 'Science': 0}"
SCH0290,Govt. High School North-290,North Delhi,1349,43,44,31.37,"{'History': 3, 'Chemistry': 2, 'Sanskrit': 3, 'Science': 1, 'Social Science': 1}"
SCH0291,Govt. Primary School Faridabad-291,Faridabad,1487,51,49,29.16,"{'Geography': 0, 'Social Science': 1, 'Physical Education': 1}"
SCH0292,Govt. High School Jodhpur-292,Jodhpur,731,29,24,25.21,"{'English': 1, 'Science': 2}"
SCH0293,Govt. High School Jaipur-293,Jaipur,227,2,7,113.5,"{'Science': 1, 'Art': 2, 'Computer Science': 0, 'Physics': 1, 'Physical Education': 0}"
SCH0294,Govt. Middle School East-294,East Delhi,651,17,21,38.29,"{'Sanskrit': 0, 'English': 0, 'Physical Education': 2, 'Computer Science': 0}"
SCH0295,Govt. Middle School New-295,New Delhi,1881,62,62,30.34,"{'Hindi': 2, 'Science': 1, 'Sanskrit': 3, 'English': 1, 'Physical Education': 1, 'Biology': 0}"
SCH0296,Govt. Middle School North-296,North Delhi,1232,37,41,33.3,"{'Geography': 2, 'Physics': 0, 'Biology': 2, 'History': 1, 'English': 1, 'Science': 3}"
SCH0297,Govt. Middle School East-297,East Delhi,1976,69,65,28.64,"{'Physical Education': 3, 'Sanskrit': 0, 'Biology': 1, 'History': 1, 'Chemistry': 0}"
SCH0298,Govt. Senior Secondary School Varanasi-298,Varanasi,1800,63,60,28.57,"{'Physics': 1, 'Computer Science': 1, 'Science': 3}"
SCH0299,Govt. Primary School Jaipur-299,Jaipur,1722,56,57,30.75,"{'Physics': 1, 'English': 1, 'History': 0, 'Computer Science': 2, 'Geography': 0, 'Art': 2}"
SCH0300,Govt. Primary School Central-300,Central Delhi,745,29,24,25.69,"{'Sanskrit': 3, 'Mathematics': 1, 'Science': 3, 'History': 0, 'English': 0, 'Social Science': 0}"
SCH0301,Govt. High School New-301,New Delhi,554,22,18,25.18,"{'Physical Education': 0, 'Hindi': 0, 'Physics': 1, 'History': 0}"
SCH0302,Govt. Senior Secondary School Ghaziabad-302,Ghaziabad,1599,57,53,28.05,"{'Hindi': 1, 'Computer Science': 3, 'History': 1, 'Social Science': 3}"
SCH0303,Govt. Middle School Central-303,Central Delhi,1945,69,64,28.19,"{'History': 0, 'Science': 2, 'Sanskrit': 0, 'Computer Science': 3, 'English': 2, 'Geography': 1}"
SCH0304,Govt. Middle School New-304,New Delhi,128,4,5,32.0,"{'Mathematics': 2, 'Sanskrit': 3, 'Science': 2, 'Art': 3, 'Geography': 3, 'Social Science': 0}"
SCH0305,Govt. Primary School Noida-305,Noida,286,10,9,28.6,"{'Computer Science': 3, 'Mathematics': 2, 'Biology': 1, 'Sanskrit': 1, 'History': 2, 'Social Science': 2}"
SCH0306,Govt. Primary School Ghaziabad-306,Ghaziabad,763,25,25,30.52,"{'Art': 1, 'Sanskrit': 0, 'Computer Science': 3}"
SCH0307,Govt. Middle School Kanpur-307,Kanpur,1412,51,47,27.69,"{'Science': 3, 'Physical Education': 2, 'Mathematics': 3, 'English': 2, 'Biology': 2}"
SCH0308,Govt. Primary School Varanasi-308,Varanasi,1367,50,45,27.34,"{'Hindi': 0, 'Physics': 1, 'Geography': 2, 'English': 0, 'Art': 2}"
SCH0309,Govt. Middle School Agra-309,Agra,581,22,19,26.41,"{'English': 1, 'Art': 1, 'Physics': 0, 'History': 0, 'Computer Science': 0}"
SCH0310,Govt. Middle School West-310,West Delhi,395,8,13,49.38,"{'Biology': 0, 'Science': 0, 'Social Science': 0}"
SCH0311,Govt. High School Jaipur-311,Jaipur,1038,36,34,28.83,"{'Science': 1, 'Mathematics': 0, 'Social Science': 2}"
SCH0312,Govt. Primary School Kanpur-312,Kanpur,1926,61,64,31.57,"{'Sanskrit': 1, 'English': 0, 'Physics': 3}"
SCH0313,Govt. Middle School Ajmer-313,Ajmer,271,6,9,45.17,"{'Art': 1, 'English': 1, 'Biology': 1}"
SCH0314,Govt. Primary School Udaipur-314,Udaipur,623,17,20,36.65,"{'Social Science': 0, 'Biology': 3, 'Mathematics': 2, 'Science': 2, 'Chemistry': 0}"
SCH0315,Govt. Primary School Udaipur-315,Udaipur,1056,30,35,35.2,"{'Hindi': 1, 'Geography': 0, 'Physics': 2}"
SCH0316,Govt. Senior Secondary School South-316,South Delhi,1620,60,54,27.0,"{'Biology': 1, 'Geography': 3, 'Computer Science': 3, 'Physical Education': 2}"
SCH0317,Govt. Middle School Jodhpur-317,Jodhpur,1899,62,63,30.63,"{'Mathematics': 0, 'Science': 2, 'Chemistry': 0, 'English': 1, 'Social Science': 3, 'Physics': 1}"
SCH0318,Govt. Middle School Kanpur-318,Kanpur,1323,47,44,28.15,"{'Chemistry': 1, 'Mathematics': 0}"
SCH0319,Govt. High School Ajmer-319,Ajmer,1391,51,46,27.27,"{'History': 1, 'Social Science': 0, 'Science': 0, 'Chemistry': 1}"
SCH0320,Govt. Primary School Udaipur-320,Udaipur,146,9,5,16.22,"{'Social Science': 3, 'Geography': 2, 'Computer Science': 0, 'Art': 2, 'Science': 1, 'English': 0}"
SCH0321,Govt. Primary School West-321,West Delhi,1209,44,40,27.48,"{'Art': 2, 'Physics': 1, 'History': 2, 'Sanskrit': 0}"
SCH0322,Govt. High School Central-322,Central Delhi,1642,57,54,28.81,"{'History': 2, 'Chemistry': 3, 'Sanskrit': 3, 'Mathematics': 1, 'Computer Science': 2, 'Geography': 2}"
SCH0323,Govt. Middle School Central-323,Central Delhi,1600,49,53,32.65,"{'History': 2, 'Biology': 1, 'English': 3, 'Geography': 2, 'Sanskrit': 2}"
SCH0324,Govt. Middle School Central-324,Central Delhi,501,21,16,23.86,"{'Physics': 1, 'English': 2, 'Chemistry': 0, 'Geography': 1, 'Social Science': 2, 'Sanskrit': 3}"
SCH0325,Govt. Primary School Udaipur-325,Udaipur,1094,42,36,26.05,"{'Social Science': 3, 'Biology': 0, 'Mathematics': 1, 'Physics': 2, 'Computer Science': 0, 'Science': 2}"
SCH0326,Govt. Middle School Varanasi-326,Varanasi,1035,38,34,27.24,"{'Geography': 2, 'Biology': 2}"
SCH0327,Govt. High School Faridabad-327,Faridabad,463,16,15,28.94,"{'Geography': 2, 'Biology': 3}"
SCH0328,Govt. Primary School New-328,New Delhi,596,17,19,35.06,"{'Sanskrit': 0, 'Computer Science': 1, 'Hindi': 0}"
SCH0329,Govt. Senior Secondary School South-329,South Delhi,1520,46,50,33.04,"{'Mathematics': 0, 'Biology': 3, 'Physics': 0}"
SCH0330,Govt. High School Varanasi-330,Varanasi,1549,57,51,27.18,"{'Physical Education': 1, 'Hindi': 1, 'Chemistry': 2, 'History': 2, 'Geography': 1}"
SCH0331,Govt. Senior Secondary School Jodhpur-331,Jodhpur,645,26,21,24.81,"{'History': 2, 'Hindi': 0, 'Sanskrit': 0}"
SCH0332,Govt. Primary School Agra-332,Agra,1397,43,46,32.49,"{'Chemistry': 2, 'Physics': 2, 'English': 1, 'Biology': 3, 'History': 0, 'Art': 1}"
SCH0333,Govt. Middle School Kota-333,Kota,576,18,19,32.0,"{'Geography': 3, 'Biology': 0, 'Hindi': 3, 'Physical Education': 3}"
SCH0334,Govt. Middle School Faridabad-334,Faridabad,1871,65,62,28.78,"{'Social Science': 1, 'Art': 1, 'Sanskrit': 0}"
SCH0335,Govt. Primary School Noida-335,Noida,1482,47,49,31.53,"{'Biology': 0, 'Physics': 0, 'History': 1, 'Social Science': 0}"
SCH0336,Govt. Senior Secondary School Ghaziabad-336,Ghaziabad,102,12,5,8.5,"{'Computer Science': 1, 'History': 3, 'Chemistry': 1, 'Physical Education': 1, 'Physics': 3, 'English': 1}"
SCH0337,Govt. Senior Secondary School Ghaziabad-337,Ghaziabad,392,16,13,24.5,"{'Physical Education': 3, 'Science': 0, 'Physics': 0, 'Biology': 1}"
SCH0338,Govt. Primary School Faridabad-338,Faridabad,684,17,22,40.24,"{'Hindi': 0, 'History': 3, 'Social Science': 3}"
SCH0339,Govt. Middle School Kota-339,Kota,1263,47,42,26.87,"{'Science': 1, 'Geography': 0, 'Physical Education': 0}"
SCH0340,Govt. High School Ajmer-340,Ajmer,1038,40,34,25.95,"{'Mathematics': 1, 'Computer Science': 2, 'History': 3}"
SCH0341,Govt. High School Gurgaon-341,Gurgaon,1442,50,48,28.84,"{'Science': 2, 'Chemistry': 1}"
SCH0342,Govt. Primary School Agra-342,Agra,1968,61,65,32.26,"{'Computer Science': 0, 'Art': 2}"
SCH0343,Govt. Senior Secondary School Central-343,Central Delhi,663,20,22,33.15,"{'English': 2, 'Chemistry': 3, 'Computer Science': 3, 'Biology': 0, 'Physical Education': 2, 'Hindi': 1}"
SCH0344,Govt. Middle School Ghaziabad-344,Ghaziabad,984,29,32,33.93,"{'Computer Science': 0, 'Mathematics': 1, 'Science': 1, 'Sanskrit': 2}"
SCH0345,Govt. High School Ajmer-345,Ajmer,325,13,10,25.0,"{'Physical Education': 1, 'Sanskrit': 0, 'Mathematics': 0, 'English': 1, 'Chemistry': 2, 'Computer Science': 3}"
SCH0346,Govt. Primary School South-346,South Delhi,1897,62,63,30.6,"{'English': 0, 'Physical Education': 1, 'Social Science': 2, 'Mathematics': 2, 'Computer Science': 0}"
SCH0347,Govt. Senior Secondary School Ghaziabad-347,Ghaziabad,1644,51,54,32.24,"{'Social Science': 3, 'Biology': 1, 'Computer Science': 0, 'History': 0}"
SCH0348,Govt. Primary School Udaipur-348,Udaipur,1613,50,53,32.26,"{'Sanskrit': 1, 'History': 1, 'Biology': 1}"
SCH0349,Govt. High School Faridabad-349,Faridabad,1268,44,42,28.82,"{'Physics': 2, 'English': 3}"
SCH0350,Govt. Middle School Jaipur-350,Jaipur,1862,62,62,30.03,"{'Mathematics': 0, 'Physical Education': 3, 'Physics': 0}"
SCH0351,Govt. High School Ghaziabad-351,Ghaziabad,1212,43,40,28.19,"{'Geography': 3, 'Computer Science': 1, 'Chemistry': 0}"
SCH0352,Govt. Middle School Varanasi-352,Varanasi,1733,62,57,27.95,"{'Chemistry': 0, 'Computer Science': 3}"
SCH0353,Govt. High School West-353,West Delhi,1446,53,48,27.28,"{'Biology': 3, 'Physics': 0, 'Hindi': 0}"
SCH0354,Govt. Middle School North-354,North Delhi,1318,46,43,28.65,"{'Hindi': 1, 'Biology': 3, 'Social Science': 1, 'Physics': 0, 'Physical Education': 2}"
SCH0355,Govt. Senior Secondary School Ajmer-355,Ajmer,139,8,5,17.38,"{'Computer Science': 0, 'Physics': 2, 'Physical Education': 2, 'Hindi': 1}"
SCH0356,Govt. Senior Secondary School South-356,South Delhi,1083,42,36,25.79,"{'Social Science': 2, 'English': 1, 'Chemistry': 3, 'Computer Science': 2, 'History': 0}"
SCH0357,Govt. Senior Secondary School Ghaziabad-357,Ghaziabad,1299,47,43,27.64,"{'Physics': 1, 'Geography': 1, 'Hindi': 0, 'Physical Education': 3}"
SCH0358,Govt. Primary School Central-358,Central Delhi,1811,67,60,27.03,"{'Biology': 3, 'Physical Education': 0, 'Geography': 0}"
SCH0359,Govt. Primary School Lucknow-359,Lucknow,692,19,23,36.42,"{'Biology': 3, 'Art': 0, 'History': 3, 'Computer Science': 1, 'Hindi': 0, 'Geography': 2}"
SCH0360,Govt. Senior Secondary School Bikaner-360,Bikaner,797,23,26,34.65,"{'Biology': 3, 'History': 3, 'Physical Education': 1, 'Physics': 3, 'Science': 2, 'Geography': 0}"
SCH0361,Govt. High School South-361,South Delhi,1872,57,62,32.84,"{'History': 1, 'English': 3, 'Art': 2, 'Physics': 3, 'Sanskrit': 3, 'Biology': 3}"
SCH0362,Govt. High School West-362,West Delhi,452,20,15,22.6,"{'Biology': 2, 'Science': 3, 'History': 0, 'Sanskrit': 0, 'Mathematics': 2, 'Computer Science': 0}"
SCH0363,Govt. Primary School Central-363,Central Delhi,1468,47,48,31.23,"{'Geography': 1, 'Mathematics': 3, 'History': 2, 'Biology': 2, 'Social Science': 1}"
SCH0364,Govt. Primary School North-364,North Delhi,799,27,26,29.59,"{'Sanskrit': 0, 'Mathematics': 2, 'Physical Education': 0, 'Hindi': 1}"
SCH0365,Govt. Senior Secondary School Ajmer-365,Ajmer,860,25,28,34.4,"{'Chemistry': 2, 'Physics': 2}"
SCH0366,Govt. Senior Secondary School East-366,East Delhi,525,21,17,25.0,"{'Biology': 3, 'Mathematics': 2}"
SCH0367,Govt. Primary School Ghaziabad-367,Ghaziabad,1560,53,52,29.43,"{'Art': 2, 'English': 1, 'Computer Science': 3}"
SCH0368,Govt. Middle School Varanasi-368,Varanasi,1381,53,46,26.06,"{'Biology': 0, 'Chemistry': 3, 'Art': 2, 'Science': 1, 'History': 3}"
SCH0369,Govt. Middle School Central-369,Central Delhi,1648,59,54,27.93,"{'English': 0, 'History': 0}"
SCH0370,Govt. High School Kanpur-370,Kanpur,116,7,5,16.57,"{'Sanskrit': 2, 'Mathematics': 1, 'Art': 3}"
SCH0371,Govt. Primary School Ghaziabad-371,Ghaziabad,547,20,18,27.35,"{'Chemistry': 0, 'History': 2, 'Sanskrit': 3, 'Hindi': 1, 'Computer Science': 2, 'Biology': 1}"
SCH0372,Govt. High School Lucknow-372,Lucknow,1578,56,52,28.18,"{'Hindi': 0, 'Physical Education': 3, 'Science': 1, 'Mathematics': 2}"
SCH0373,Govt. Senior Secondary School Varanasi-373,Varanasi,1535,57,51,26.93,"{'Hindi': 2, 'Science': 1, 'Art': 0}"
SCH0374,Govt. Senior Secondary School Bikaner-374,Bikaner,1088,36,36,30.22,"{'Geography': 3, 'Computer Science': 3, 'Physical Education': 3, 'Mathematics': 3, 'Hindi': 1}"
SCH0375,Govt. Primary School South-375,South Delhi,1447,53,48,27.3,"{'Hindi': 3, 'History': 0, 'Sanskrit': 3, 'Mathematics': 1, 'English': 0}"
SCH0376,Govt. Middle School Udaipur-376,Udaipur,985,27,32,36.48,"{'Sanskrit': 1, 'Physical Education': 1, 'Geography': 3}"
SCH0377,Govt. Middle School Agra-377,Agra,309,6,10,51.5,"{'Social Science': 1, 'English': 3, 'Computer Science': 2}"
SCH0378,Govt. High School Udaipur-378,Udaipur,384,18,12,21.33,"{'Social Science': 3, 'Sanskrit': 2, 'Mathematics': 2, 'History': 3, 'Geography': 0}"
SCH0379,Govt. Primary School New-379,New Delhi,559,19,18,29.42,"{'Biology': 0, 'Mathematics': 2, 'Physics': 0, 'Computer Science': 1, 'Chemistry': 2, 'History': 2}"
SCH0380,Govt. Primary School Agra-380,Agra,1046,39,34,26.82,"{'English': 1, 'Social Science': 2, 'Chemistry': 1, 'Sanskrit': 1, 'History': 1}"
SCH0381,Govt. High School Jodhpur-381,Jodhpur,837,34,27,24.62,"{'Social Science': 3, 'Physical Education': 0, 'English': 2}"
SCH0382,Govt. Senior Secondary School Jaipur-382,Jaipur,496,19,16,26.11,"{'Chemistry': 2, 'Sanskrit': 2, 'History': 2, 'Physical Education': 0, 'English': 0, 'Art': 2}"
SCH0383,Govt. Middle School Gurgaon-383,Gurgaon,983,28,32,35.11,"{'Physics': 2, 'Computer Science': 1, 'Science': 3}"
SCH0384,Govt. Middle School Jaipur-384,Jaipur,1145,43,38,26.63,"{'History': 2, 'Physical Education': 2}"
SCH0385,Govt. Senior Secondary School Noida-385,Noida,948,37,31,25.62,"{'Chemistry': 3, 'Computer Science': 3, 'Geography': 0, 'Physical Education': 0}"
SCH0386,Govt. Senior Secondary School South-386,South Delhi,402,12,13,33.5,"{'Art': 2, 'Sanskrit': 3, 'Geography': 1}"
SCH0387,Govt. High School Kota-387,Kota,1782,62,59,28.74,"{'Hindi': 0, 'Physics': 2, 'Social Science': 2, 'Mathematics': 0, 'Sanskrit': 1}"
SCH0388,Govt. Senior Secondary School Noida-388,Noida,1033,30,34,34.43,"{'Hindi': 0, 'Physical Education': 2, 'Geography': 3, 'Sanskrit': 0, 'Chemistry': 0}"
SCH0389,Govt. Middle School Gurgaon-389,Gurgaon,891,35,29,25.46,"{'Chemistry': 1, 'Biology': 2, 'History': 3, 'Computer Science': 3}"
SCH0390,Govt. Middle School Lucknow-390,Lucknow,1662,57,55,29.16,"{'Physics': 3, 'History': 1, 'Biology': 0, 'Physical Education': 0}"
SCH0391,Govt. Primary School West-391,West Delhi,1728,56,57,30.86,"{'Hindi': 3, 'Physics': 2, 'Art': 2, 'Chemistry': 1}"
SCH0392,Govt. High School South-392,South Delhi,1685,54,56,31.2,"{'Mathematics': 2, 'Social Science': 2, 'History': 0}"
SCH0393,Govt. Primary School Ajmer-393,Ajmer,1059,41,35,25.83,"{'English': 0, 'Hindi': 3, 'Physics': 3, 'Art': 1}"
SCH0394,Govt. High School Kanpur-394,Kanpur,998,31,33,32.19,"{'History': 1, 'Computer Science': 2, 'Art': 0, 'Physics': 1, 'Social Science': 1}"
SCH0395,Govt. Primary School Jodhpur-395,Jodhpur,554,13,18,42.62,"{'English': 1, 'Physical Education': 3, 'Physics': 3, 'Sanskrit': 3, 'Computer Science': 0}"
SCH0396,Govt. Primary School Kota-396,Kota,1801,63,60,28.59,"{'History': 3, 'Computer Science': 2, 'Mathematics': 1}"
SCH0397,Govt. Senior Secondary School Udaipur-397,Udaipur,1113,36,37,30.92,"{'Sanskrit': 0, 'Computer Science': 1}"
SCH0398,Govt. Senior Secondary School South-398,South Delhi,1467,50,48,29.34,"{'English': 2, 'Computer Science': 3, 'Hindi': 0, 'Science': 0, 'Sanskrit': 3}"
SCH0399,Govt. High School North-399,North Delhi,1912,59,63,32.41,"{'Biology': 1, 'Physics': 3, 'Mathematics': 1, 'Geography': 1, 'Computer Science': 2, 'Sanskrit': 2}"
SCH0400,Govt. Senior Secondary School Jodhpur-400,Jodhpur,265,13,8,20.38,"{'History': 0, 'Sanskrit': 0}"
SCH0401,Govt. Senior Secondary School Varanasi-401,Varanasi,900,36,30,25.0,"{'History': 1, 'Physical Education': 0}"
SCH0402,Govt. Middle School Faridabad-402,Faridabad,1515,55,50,27.55,"{'History': 1, 'Physical Education': 2}"
SCH0403,Govt. High School Varanasi-403,Varanasi,1211,43,40,28.16,"{'Science': 0, 'History': 3}"
SCH0404,Govt. High School Central-404,Central Delhi,988,32,32,30.88,"{'Geography': 1, 'History': 3, 'Social Science': 3}"
SCH0405,Govt. Middle School Lucknow-405,Lucknow,772,29,25,26.62,"{'Science': 3, 'Physics': 3, 'Chemistry': 1, 'Biology': 3, 'Geography': 0}"
SCH0406,Govt. High School Gurgaon-406,Gurgaon,101,2,5,50.5,"{'Computer Science': 0, 'Science': 0, 'Sanskrit': 0, 'Physical Education': 1}"
SCH0407,Govt. Senior Secondary School South-407,South Delhi,688,20,22,34.4,"{'Chemistry': 1, 'Sanskrit': 1, 'History': 2, 'Biology': 1, 'Mathematics': 1}"
SCH0408,Govt. High School North-408,North Delhi,970,36,32,26.94,"{'Biology': 1, 'Chemistry': 1}"
SCH0409,Govt. Senior Secondary School Agra-409,Agra,242,4,8,60.5,"{'Mathematics': 1, 'Hindi': 2, 'Art': 3, 'Geography': 0, 'Biology': 3, 'Social Science': 2}"
SCH0410,Govt. Senior Secondary School South-410,South Delhi,416,10,13,41.6,"{'History': 2, 'Geography': 1, 'Computer Science': 0, 'Mathematics': 1}"
SCH0411,Govt. Middle School New-411,New Delhi,1196,40,39,29.9,"{'Hindi': 2, 'Geography': 3}"
SCH0412,Govt. Primary School Central-412,Central Delhi,652,17,21,38.35,"{'Social Science': 3, 'English': 3}"
SCH0413,Govt. High School Ajmer-413,Ajmer,1963,61,65,32.18,"{'Sanskrit': 3, 'Chemistry': 1, 'Computer Science': 3, 'History': 1, 'Physics': 2, 'Art': 2}"
SCH0414,Govt. Senior Secondary School Central-414,Central Delhi,482,17,16,28.35,"{'Physical Education': 2, 'Physics': 3, 'Mathematics': 3, 'Science': 3, 'Chemistry': 1, 'Hindi': 1}"
SCH0415,Govt. Middle School East-415,East Delhi,121,9,5,13.44,"{'Art': 2, 'Geography': 2, 'Sanskrit': 2, 'Chemistry': 0, 'Physics': 3, 'Mathematics': 1}"
SCH0416,Govt. Primary School Faridabad-416,Faridabad,113,10,5,11.3,"{'Hindi': 1, 'Physics': 1, 'History': 3, 'Chemistry': 2, 'Computer Science': 3}"
SCH0417,Govt. Primary School New-417,New Delhi,1008,36,33,28.0,"{'Art': 0, 'Geography': 2}"
SCH0418,Govt. High School Ghaziabad-418,Ghaziabad,221,4,7,55.25,"{'Science': 2, 'Social Science': 1}"
SCH0419,Govt. Primary School Central-419,Central Delhi,1479,56,49,26.41,"{'Physical Education': 3, 'Chemistry': 0, 'Physics': 2}"
SCH0420,Govt. Senior Secondary School Lucknow-420,Lucknow,408,14,13,29.14,"{'Mathematics': 3, 'Social Science': 2}"
SCH0421,Govt. Middle School Jaipur-421,Jaipur,1935,60,64,32.25,"{'Science': 1, 'English': 1, 'Sanskrit': 2, 'Art': 1}"
SCH0422,Govt. Primary School Varanasi-422,Varanasi,648,23,21,28.17,"{'History': 0, 'Sanskrit': 2, 'Chemistry': 2, 'Science': 3, 'Mathematics': 1, 'Computer Science': 2}"
SCH0423,Govt. Senior Secondary School Lucknow-423,Lucknow,134,12,5,11.17,"{'Geography': 0, 'Art': 1, 'Physics': 2, 'Chemistry': 2, 'Mathematics': 0, 'Social Science': 2}"
SCH0424,Govt. Primary School Varanasi-424,Varanasi,1455,43,48,33.84,"{'Physical Education': 1, 'History': 0}"
SCH0425,Govt. High School Gurgaon-425,Gurgaon,258,12,8,21.5,"{'English': 0, 'Sanskrit': 3, 'Social Science': 3, 'Physical Education': 0, 'Computer Science': 3}"
SCH0426,Govt. High School Jodhpur-426,Jodhpur,831,33,27,25.18,"{'English': 1, 'Chemistry': 3}"
SCH0427,Govt. Primary School Faridabad-427,Faridabad,1055,37,35,28.51,"{'Biology': 1, 'Art': 0, 'Science': 2, 'Physics': 3}"
SCH0428,Govt. High School Faridabad-428,Faridabad,1740,56,58,31.07,"{'Geography': 1, 'Sanskrit': 0, 'Hindi': 1, 'Biology': 3, 'Science': 3}"
SCH0429,Govt. Middle School Central-429,Central Delhi,677,18,22,37.61,"{'Chemistry': 3, 'Physics': 1}"
SCH0430,Govt. Primary School Bikaner-430,Bikaner,394,17,13,23.18,"{'Biology': 2, 'Physics': 2, 'Chemistry': 1, 'Computer Science': 1}"
SCH0431,Govt. High School Bikaner-431,Bikaner,736,30,24,24.53,"{'Physics': 2, 'Geography': 0, 'Physical Education': 1, 'Hindi': 3}"
SCH0432,Govt. Middle School Jodhpur-432,Jodhpur,120,2,5,60.0,"{'Chemistry': 2, 'Physics': 1, 'Social Science': 3}"
SCH0433,Govt. High School Jodhpur-433,Jodhpur,199,7,6,28.43,"{'Chemistry': 1, 'Social Science': 3, 'Sanskrit': 1, 'Physics': 1}"
SCH0434,Govt. High School West-434,West Delhi,101,6,5,16.83,"{'History': 0, 'English': 0, 'Computer Science': 1, 'Sanskrit': 0, 'Mathematics': 0, 'Biology': 1}"
SCH0435,Govt. Primary School Noida-435,Noida,1625,60,54,27.08,"{'Sanskrit': 0, 'Physical Education': 2, 'Science': 1, 'Chemistry': 3}"
SCH0436,Govt. High School Jodhpur-436,Jodhpur,330,14,11,23.57,"{'Hindi': 3, 'Social Science': 1, 'Computer Science': 2, 'English': 1}"
SCH0437,Govt. Primary School Varanasi-437,Varanasi,1268,47,42,26.98,"{'Biology': 0, 'Geography': 0}"
SCH0438,Govt. Primary School Jodhpur-438,Jodhpur,127,2,5,63.5,"{'History': 2, 'Physical Education': 0, 'Chemistry': 0, 'Sanskrit': 2, 'Mathematics': 0, 'Physics': 3}"
SCH0439,Govt. Senior Secondary School Kota-439,Kota,559,20,18,27.95,"{'Art': 3, 'Hindi': 0}"
SCH0440,Govt. High School Lucknow-440,Lucknow,1018,38,33,26.79,"{'Mathematics': 1, 'Geography': 2, 'Computer Science': 1, 'Physical Education': 1, 'Chemistry': 3, 'Physics': 1}"
SCH0441,Govt. Senior Secondary School Varanasi-441,Varanasi,1728,61,57,28.33,"{'Science': 3, 'Social Science': 1}"
SCH0442,Govt. High School Gurgaon-442,Gurgaon,1484,44,49,33.73,"{'Physics': 0, 'Chemistry': 3, 'Biology': 3, 'Computer Science': 2, 'Geography': 3}"
SCH0443,Govt. High School Udaipur-443,Udaipur,612,23,20,26.61,"{'Mathematics': 3, 'Biology': 1, 'Science': 3, 'Social Science': 3}"
SCH0444,Govt. Senior Secondary School Varanasi-444,Varanasi,1244,46,41,27.04,"{'Sanskrit': 0, 'Physical Education': 2}"
SCH0445,Govt. Middle School Central-445,Central Delhi,1327,43,44,30.86,"{'Physics': 0, 'Biology': 0, 'Hindi': 3, 'History': 3}"
SCH0446,Govt. Middle School Jodhpur-446,Jodhpur,1947,70,64,27.81,"{'Science': 2, 'Biology': 2, 'Physical Education': 1, 'Art': 3, 'Physics': 2}"
SCH0447,Govt. Middle School East-447,East Delhi,1056,33,35,32.0,"{'Art': 1, 'Physical Education': 1}"
SCH0448,Govt. Senior Secondary School West-448,West Delhi,1765,61,58,28.93,"{'Computer Science': 2, 'Science': 0, 'Sanskrit': 3, 'English': 1}"
SCH0449,Govt. High School Gurgaon-449,Gurgaon,896,24,29,37.33,"{'English': 2, 'Physics': 2, 'History': 1, 'Chemistry': 0, 'Biology': 0, 'Hindi': 2}"
SCH0450,Govt. High School Kanpur-450,Kanpur,936,26,31,36.0,"{'Computer Science': 0, 'Sanskrit': 2, 'Chemistry': 1}"
SCH0451,Govt. Senior Secondary School Kanpur-451,Kanpur,1135,41,37,27.68,"{'Hindi': 3, 'Biology': 0, 'Geography': 1, 'Chemistry': 3, 'Computer Science': 2, 'Mathematics': 2}"
SCH0452,Govt. High School Noida-452,Noida,225,3,7,75.0,"{'Art': 0, 'Physical Education': 1, 'Science': 0, 'Geography': 0}"
SCH0453,Govt. High School West-453,West Delhi,1162,40,38,29.05,"{'Physics': 2, 'Hindi': 2, 'Biology': 1, 'Science': 2}"
SCH0454,Govt. Primary School Faridabad-454,Faridabad,1551,51,51,30.41,"{'Computer Science': 3, 'Physics': 2, 'Geography': 3, 'Chemistry': 1, 'Physical Education': 0, 'Sanskrit': 3}"
SCH0455,Govt. Senior Secondary School Ajmer-455,Ajmer,1459,44,48,33.16,"{'Physics': 1, 'Biology': 3, 'Geography': 2, 'English': 3}"
SCH0456,Govt. Senior Secondary School Ghaziabad-456,Ghaziabad,1464,43,48,34.05,"{'Physics': 2, 'Science': 3, 'Hindi': 0}"
SCH0457,Govt. Senior Secondary School Ghaziabad-457,Ghaziabad,1475,49,49,30.1,"{'Physics': 0, 'Physical Education': 2, 'English': 1}"
SCH0458,Govt. Primary School Udaipur-458,Udaipur,1298,39,43,33.28,"{'Geography': 0, 'English': 2, 'Sanskrit': 2, 'Chemistry': 1, 'Computer Science': 2}"
SCH0459,Govt. Primary School New-459,New Delhi,1537,47,51,32.7,"{'Physical Education': 1, 'Computer Science': 0, 'English': 1, 'History': 3, 'Sanskrit': 2, 'Biology': 3}"
SCH0460,Govt. High School Ghaziabad-460,Ghaziabad,687,27,22,25.44,"{'Physics': 3, 'Biology': 0, 'Geography': 1}"
SCH0461,Govt. Middle School South-461,South Delhi,900,25,30,36.0,"{'Biology': 2, 'English': 2}"
SCH0462,Govt. Primary School Noida-462,Noida,1777,58,59,30.64,"{'History': 3, 'Computer Science': 0, 'Biology': 0, 'Chemistry': 1, 'Physical Education': 1, 'Art': 3}"
SCH0463,Govt. Primary School Jaipur-463,Jaipur,1109,36,36,30.81,"{'Science': 2, 'Geography': 0, 'Mathematics': 0}"
SCH0464,Govt. Middle School Gurgaon-464,Gurgaon,1804,63,60,28.63,"{'Social Science': 3, 'Hindi': 0}"
SCH0465,Govt. Middle School Kota-465,Kota,684,21,22,32.57,"{'Art': 0, 'Biology': 2, 'Geography': 0}"
SCH0466,Govt. Senior Secondary School Jodhpur-466,Jodhpur,1070,33,35,32.42,"{'Science': 1, 'Social Science': 0, 'History': 1, 'Physics': 1, 'Physical Education': 3, 'Mathematics': 1}"
SCH0467,Govt. High School Jaipur-467,Jaipur,118,5,5,23.6,"{'Science': 1, 'Physical Education': 1, 'Computer Science': 0, 'Hindi': 0, 'Social Science': 2}"
SCH0468,Govt. Primary School South-468,South Delhi,950,38,31,25.0,"{'Physics': 2, 'Science': 0, 'Biology': 3, 'Art': 1}"
SCH0469,Govt. High School Gurgaon-469,Gurgaon,921,31,30,29.71,"{'Physical Education': 0, 'Physics': 0, 'Sanskrit': 2, 'Geography': 0, 'Chemistry': 3, 'English': 1}"
SCH0470,Govt. High School Bikaner-470,Bikaner,810,26,27,31.15,"{'Sanskrit': 2, 'Hindi': 3, 'Mathematics': 0}"
SCH0471,Govt. Middle School Ajmer-471,Ajmer,1596,48,53,33.25,"{'Social Science': 0, 'Geography': 3, 'History': 0, 'English': 2, 'Physics': 3, 'Sanskrit': 1}"
SCH0472,Govt. Middle School Ghaziabad-472,Ghaziabad,1390,43,46,32.33,"{'Computer Science': 3, 'Science': 1, 'English': 1, 'Chemistry': 1, 'Mathematics': 1, 'Social Science': 1}"
SCH0473,Govt. High School Central-473,Central Delhi,1900,60,63,31.67,"{'English': 0, 'Physical Education': 1, 'Physics': 3}"
SCH0474,Govt. Primary School Gurgaon-474,Gurgaon,915,26,30,35.19,"{'English': 1, 'Geography': 3, 'Computer Science': 0, 'Social Science': 0, 'Chemistry': 1}"
SCH0475,Govt. Primary School Kanpur-475,Kanpur,764,31,25,24.65,"{'Computer Science': 0, 'Art': 1}"
SCH0476,Govt. Primary School East-476,East Delhi,403,12,13,33.58,"{'Physical Education': 2, 'Social Science': 3, 'Sanskrit': 3, 'Physics': 2, 'Biology': 2, 'Geography': 3}"
SCH0477,Govt. Senior Secondary School Agra-477,Agra,442,14,14,31.57,"{'Physical Education': 1, 'Biology': 1}"
SCH0478,Govt. Senior Secondary School Lucknow-478,Lucknow,463,20,15,23.15,"{'Chemistry': 2, 'Hindi': 0, 'Sanskrit': 0, 'Art': 2, 'Biology': 2, 'Social Science': 2}"
SCH0479,Govt. Middle School Agra-479,Agra,435,13,14,33.46,"{'History': 3, 'Geography': 2, 'English': 0, 'Art': 3}"
SCH0480,Govt. Middle School Jodhpur-480,Jodhpur,814,24,27,33.92,"{'Mathematics': 2, 'Science': 3}"
SCH0481,Govt. Senior Secondary School Jaipur-481,Jaipur,888,36,29,24.67,"{'Sanskrit': 1, 'English': 2}"
SCH0482,Govt. Primary School Jaipur-482,Jaipur,1925,71,64,27.11,"{'Chemistry': 3, 'Hindi': 3}"
SCH0483,Govt. Middle School Central-483,Central Delhi,472,13,15,36.31,"{'Sanskrit': 1, 'Social Science': 2, 'Science': 0}"
SCH0484,Govt. Middle School Lucknow-484,Lucknow,850,34,28,25.0,"{'Physics': 2, 'Computer Science': 3}"
SCH0485,Govt. Senior Secondary School New-485,New Delhi,1267,46,42,27.54,"{'Computer Science': 3, 'Social Science': 1, 'Physical Education': 1, 'Hindi': 1, 'Chemistry': 0}"
SCH0486,Govt. Senior Secondary School East-486,East Delhi,688,20,22,34.4,"{'Hindi': 1, 'Biology': 0}"
SCH0487,Govt. High School East-487,East Delhi,449,19,14,23.63,"{'Hindi': 2, 'History': 2, 'Computer Science': 3, 'Biology': 1, 'Mathematics': 2, 'Geography': 0}"
SCH0488,Govt. Senior Secondary School Agra-488,Agra,258,9,8,28.67,"{'Physical Education': 2, 'English': 3, 'Biology': 0, 'Science': 1, 'Hindi': 0}"
SCH0489,Govt. Senior Secondary School Kanpur-489,Kanpur,397,15,13,26.47,"{'Science': 3, 'Physics': 3}"
SCH0490,Govt. Middle School Lucknow-490,Lucknow,1575,52,52,30.29,"{'Chemistry': 2, 'Art': 1, 'English': 0}"
SCH0491,Govt. Senior Secondary School Central-491,Central Delhi,1295,45,43,28.78,"{'Geography': 0, 'Mathematics': 1, 'Sanskrit': 2, 'Computer Science': 2, 'English': 0, 'Biology': 2}"
SCH0492,Govt. High School Lucknow-492,Lucknow,1241,40,41,31.02,"{'Chemistry': 1, 'Geography': 3, 'Computer Science': 0}"
SCH0493,Govt. High School Jaipur-493,Jaipur,1149,41,38,28.02,"{'Science': 2, 'English': 1}"
SCH0494,Govt. Primary School West-494,West Delhi,1083,40,36,27.07,"{'Chemistry': 0, 'Physics': 0, 'English': 1, 'Hindi': 3}"
SCH0495,Govt. Senior Secondary School Faridabad-495,Faridabad,251,3,8,83.67,"{'History': 1, 'Geography': 2, 'Art': 0}"
SCH0496,Govt. Middle School Bikaner-496,Bikaner,1703,52,56,32.75,"{'Sanskrit': 3, 'Computer Science': 2}"
SCH0497,Govt. High School Ghaziabad-497,Ghaziabad,1735,63,57,27.54,"{'Geography': 2, 'History': 1, 'Hindi': 0, 'Chemistry': 1, 'Social Science': 2, 'Mathematics': 3}"
SCH0498,Govt. Primary School Gurgaon-498,Gurgaon,1092,37,36,29.51,"{'Science': 1, 'Hindi': 0, 'Biology': 2, 'Computer Science': 0, 'Geography': 2}"
SCH0499,Govt. Senior Secondary School East-499,East Delhi,1231,37,41,33.27,"{'Physics': 0, 'English': 2, 'Chemistry': 0, 'Geography': 0}"
SCH0500,Govt. Middle School Varanasi-500,Varanasi,761,24,25,31.71,"{'Computer Science': 2, 'English': 2, 'Biology': 3, 'Science': 2, 'Mathematics': 3, 'Sanskrit': 2}"
